bus_id,Pg,Qg,Qmax,Qmin,Vg,mBase,status,Pmax,Pmin,gentype,genfuel
1004,158.25,-30.38,44.94,-30.38,1.01,253.2,1,158.25,158.25,W2,wind
1006,25.73,-4.35,7.31,-4.94,1.0,41.16,1,25.73,25.73,W2,wind
1009,61.87,-11.88,17.57,-11.88,1.0,99.0,1,61.87,61.87,W2,wind
1011,9.97,0.0,0.0,0.0,1.0,12.0,1,10.0,3.0,PV,solar
1021,149.63,-23.15,42.49,-28.73,1.0,239.4,1,149.63,149.63,W2,wind
1023,135.0,2.26,38.34,-25.92,1.01,216.0,1,135.0,135.0,W2,wind
1026,93.15,-3.42,26.45,-17.88,1.0,149.04,1,93.15,93.15,W2,wind
1033,208.5,-40.03,59.21,-40.03,1.0,333.6,1,208.5,208.5,W2,wind
1035,67.5,-6.87,19.17,-12.96,1.0,108.0,1,67.5,67.5,W2,wind
1039,110.63,-16.65,31.42,-21.24,1.0,177.0,1,110.63,110.63,W2,wind
1042,0.0,0.0,25.96,-17.55,1.0,146.28,0,121.9,36.57,W2,wind
1043,44.1,-1.16,12.52,-8.47,1.0,70.56,1,44.1,44.1,W2,wind
1048,0.0,0.0,165.53,-36.1,1.0,390.24,0,325.2,97.56,GT,ng
1049,0.0,0.0,165.53,-36.1,1.0,390.24,0,325.2,97.56,GT,ng
1050,89.15,-4.14,45.5,-9.92,1.0,107.28,1,89.4,26.82,GT,ng
1051,89.15,-2.88,45.5,-9.92,1.0,107.28,1,89.4,26.82,GT,ng
1052,89.15,-7.04,45.5,-9.92,1.0,107.28,1,89.4,26.82,GT,ng
1053,0.0,0.0,91.01,-19.85,1.0,214.56,0,178.8,53.64,GT,ng
1057,0.0,0.0,25.56,-17.28,1.0,144.0,0,120.0,36.0,W2,wind
1059,0.0,0.0,2.85,-0.62,1.04,6.72,0,5.6,1.68,GT,ng
1060,0.0,0.0,1.02,-0.22,1.04,2.4,0,2.0,0.6,GT,ng
1062,0.0,0.0,0.0,0.0,1.01,1.8,0,1.5,0.45,PV,solar
1063,0.0,0.0,0.0,0.0,1.01,276.0,0,230.0,69.0,PV,solar
1066,106.88,-0.83,30.35,-20.52,1.0,171.0,1,106.88,106.88,W2,wind
1070,120.38,25.49,34.19,-23.11,1.04,192.6,1,120.38,120.38,W2,wind
1072,191.59,30.82,97.8,-21.33,1.01,230.56,1,192.13,57.64,GT,ng
1073,191.59,35.97,97.8,-21.33,1.01,230.56,1,192.13,57.64,GT,ng
1074,191.59,32.68,97.8,-21.33,1.01,230.56,1,192.13,57.64,GT,ng
1075,191.59,34.38,97.8,-21.33,1.01,230.56,1,192.13,57.64,GT,ng
1076,0.0,0.0,97.8,-21.33,1.01,230.56,0,192.13,57.64,GT,ng
1077,0.0,0.0,97.8,-21.33,1.01,230.56,0,192.13,57.64,GT,ng
1078,95.23,18.16,48.61,-10.6,1.01,114.6,1,95.5,28.65,GT,ng
1079,95.23,-10.6,48.61,-10.6,1.01,114.6,1,95.5,28.65,GT,ng
1080,95.23,14.9,48.61,-10.6,1.01,114.6,1,95.5,28.65,GT,ng
1081,0.0,0.0,145.83,-31.8,1.01,343.8,0,286.5,85.95,GT,ng
1082,112.5,-21.6,31.95,-21.6,1.0,180.0,1,112.5,112.5,W2,wind
1084,86.62,24.6,24.6,-16.63,1.04,138.6,1,86.62,86.62,W2,wind
1088,56.25,-0.29,15.97,-10.8,1.0,90.0,1,56.25,56.25,W2,wind
1090,114.37,31.03,32.48,-21.96,1.02,183.0,1,114.37,114.37,W2,wind
1090,27.0,7.67,7.67,-5.18,1.02,43.2,1,27.0,27.0,W2,wind
2004,0.0,0.0,199.43,-43.49,1.02,470.16,0,391.8,117.54,GT,ng
2005,0.0,0.0,199.43,-43.49,1.02,470.16,0,391.8,117.54,GT,ng
2006,0.0,0.0,199.43,-43.49,1.02,470.16,0,391.8,117.54,GT,ng
2013,150.45,-28.89,42.73,-28.89,1.0,240.72,1,150.45,150.45,W2,wind
2019,0.0,0.0,46.43,-31.39,1.04,261.6,0,218.0,65.4,W2,wind
2023,83.1,18.16,42.42,-9.25,1.02,100.0,1,83.33,25.0,GT,ng
2024,166.2,26.53,84.83,-18.5,1.02,200.0,1,166.67,50.0,GT,ng
2042,59.7,-11.46,16.95,-11.46,1.01,95.52,1,59.7,59.7,W2,wind
2056,0.0,0.0,2.8,-0.73,0.99,7.2,0,6.0,1.8,ST,coal
2057,573.57,-47.07,335.52,-87.84,0.99,864.0,1,720.0,216.0,ST,coal
2059,60.0,-11.52,17.04,-11.52,1.0,96.0,1,60.0,60.0,W2,wind
2062,101.55,-4.84,28.84,-19.5,1.02,162.48,1,101.55,101.55,W2,wind
2071,112.5,-0.82,31.95,-21.6,1.0,180.0,1,112.5,112.5,W2,wind
2076,22.5,6.39,6.39,-4.32,1.04,36.0,1,22.5,22.5,W2,wind
2078,84.38,3.09,23.96,-16.2,1.02,135.0,1,84.38,84.38,W2,wind
2083,19.94,10.18,10.18,-2.22,1.02,24.0,1,20.0,6.0,GT,ng
2084,0.0,0.0,10.18,-2.22,1.02,24.0,0,20.0,6.0,GT,ng
2085,0.0,0.0,20.36,-4.44,1.02,48.0,0,40.0,12.0,GT,ng
2089,50.7,0.48,14.4,-9.73,1.0,81.12,1,50.7,50.7,W2,wind
2094,0.0,0.0,2.13,-1.44,1.0,12.0,0,10.0,3.0,W2,wind
2095,0.0,0.0,16.93,-11.45,1.0,95.4,0,79.5,23.85,W2,wind
2099,7.5,-0.05,2.13,-1.44,1.02,12.0,1,7.5,7.5,W2,wind
2100,112.5,0.58,31.95,-21.6,1.02,180.0,1,112.5,112.5,W2,wind
2103,0.0,0.0,136.28,-29.72,1.0,321.28,0,267.73,80.32,GT,ng
2104,0.0,0.0,136.28,-29.72,1.0,321.28,0,267.73,80.32,GT,ng
2105,0.0,0.0,136.28,-29.72,1.0,321.28,0,267.73,80.32,GT,ng
2115,184.2,-20.5,94.02,-20.5,1.0,221.66,1,184.72,55.41,GT,ng
2116,184.2,-20.5,94.02,-20.5,1.0,221.66,1,184.72,55.41,GT,ng
2117,184.2,-20.5,94.02,-20.5,1.0,221.66,1,184.72,55.41,GT,ng
2118,184.2,-20.5,94.02,-20.5,1.0,221.66,1,184.72,55.41,GT,ng
2119,184.2,-20.5,94.02,-20.5,1.0,221.66,1,184.72,55.41,GT,ng
2120,184.2,-2.92,94.02,-20.5,1.01,221.66,1,184.72,55.41,GT,ng
2123,136.28,-26.16,38.7,-26.16,1.0,218.04,1,136.28,136.28,W2,wind
2127,216.45,-0.02,61.47,-41.56,1.04,346.32,1,216.45,216.45,W2,wind
3004,28.13,-5.4,7.99,-5.4,1.0,45.0,1,28.13,28.13,W2,wind
3017,127.13,3.68,36.1,-24.41,1.01,203.4,1,127.13,127.13,W2,wind
3020,112.5,12.59,31.95,-21.6,1.03,180.0,1,112.5,112.5,W2,wind
3028,150.0,42.6,42.6,-28.8,1.04,240.0,1,150.0,150.0,W2,wind
3034,97.87,18.15,27.8,-18.79,1.03,156.6,1,97.87,97.87,W2,wind
3039,156.75,44.52,44.52,-30.1,1.04,250.8,1,156.75,156.75,W2,wind
3043,0.0,0.0,0.66,-0.14,1.04,1.56,0,1.3,0.39,GT,ng
3044,0.0,0.0,45.5,-9.92,1.04,107.28,0,89.4,26.82,GT,ng
3045,0.0,0.0,227.52,-49.62,1.04,536.4,0,447.0,134.1,GT,ng
3048,180.75,51.33,51.33,-34.7,1.04,289.2,1,180.75,180.75,W2,wind
3055,183.88,50.05,52.22,-35.3,1.04,294.2,1,183.88,183.88,W2,wind
3056,183.88,31.71,52.22,-35.3,1.04,294.2,1,183.88,183.88,W2,wind
3057,183.88,30.31,52.22,-35.3,1.04,294.2,1,183.88,183.88,W2,wind
3060,124.22,16.04,35.28,-23.85,1.04,198.75,1,124.22,124.22,W2,wind
3061,124.22,17.93,35.28,-23.85,1.04,198.75,1,124.22,124.22,W2,wind
3062,124.22,27.34,35.28,-23.85,1.04,198.75,1,124.22,124.22,W2,wind
3063,124.22,20.41,35.28,-23.85,1.04,198.75,1,124.22,124.22,W2,wind
3065,60.37,-8.38,17.15,-11.59,1.0,96.6,1,60.37,60.37,W2,wind
3068,112.5,30.84,31.95,-21.6,1.04,180.0,1,112.5,112.5,W2,wind
3071,127.65,-24.51,36.25,-24.51,1.0,204.24,1,127.65,127.65,W2,wind
3074,74.85,-1.88,21.26,-14.37,1.0,119.76,1,74.85,74.85,W2,wind
3081,186.75,40.91,53.04,-35.86,1.04,298.8,1,186.75,186.75,W2,wind
3084,174.37,-5.29,49.52,-33.48,1.0,279.0,1,174.37,174.37,W2,wind
3086,56.25,-0.11,15.97,-10.8,1.0,90.0,1,56.25,56.25,W2,wind
3087,0.0,0.0,15.97,-10.8,1.0,90.0,0,75.0,22.5,W2,wind
3092,150.0,30.83,42.6,-28.8,1.04,240.0,1,150.0,150.0,W2,wind
3095,90.45,21.16,25.69,-17.37,1.04,144.72,1,90.45,90.45,W2,wind
3098,120.0,21.82,34.08,-23.04,1.04,192.0,1,120.0,120.0,W2,wind
3105,44.5,-0.74,17.07,-0.74,1.0,18.0,1,44.5,44.5,HY,hydro
3106,53.02,-2.57,62.48,-2.69,1.0,65.88,1,53.02,53.02,HY,hydro
3110,63.0,13.69,17.89,-12.1,1.04,100.8,1,63.0,63.0,W2,wind
3112,56.1,-1.51,15.93,-10.77,1.0,89.76,1,56.1,56.1,W2,wind
3113,56.1,-0.82,15.93,-10.77,1.0,89.76,1,56.1,56.1,W2,wind
3117,47.25,-3.77,13.42,-9.07,1.0,75.6,1,47.25,47.25,W2,wind
3118,90.0,-6.63,25.56,-17.28,1.0,144.0,1,90.0,90.0,W2,wind
3120,29.7,0.0,0.0,0.0,1.0,47.52,1,29.7,29.7,PV,solar
3122,147.75,-8.91,41.96,-28.37,1.0,236.4,1,147.75,147.75,W2,wind
3127,101.25,-19.44,28.76,-19.44,1.0,162.0,1,101.25,101.25,W2,wind
3129,94.88,-18.22,26.94,-18.22,1.0,151.8,1,94.88,94.88,W2,wind
3131,85.5,24.28,24.28,-16.42,1.02,136.8,1,85.5,85.5,W2,wind
3133,0.0,0.0,26.11,-5.69,1.04,61.56,0,51.3,15.39,GT,ng
3133,0.0,0.0,26.11,-5.69,1.04,61.56,0,51.3,15.39,GT,ng
3133,0.0,0.0,26.11,-5.69,1.04,61.56,0,51.3,15.39,GT,ng
3137,75.9,21.56,21.56,-14.57,1.03,121.44,1,75.9,75.9,W2,wind
3141,68.62,-13.18,19.49,-13.18,1.0,109.8,1,68.62,68.62,W2,wind
4010,151.2,20.85,42.94,-29.03,1.03,241.92,1,151.2,151.2,W2,wind
4026,408.86,57.46,191.06,-50.02,1.03,492.0,1,410.0,123.0,ST,coal
4030,460.56,-23.08,290.04,-75.93,1.01,746.88,1,622.4,186.72,ST,coal
4045,93.4,8.96,35.86,-1.54,1.02,37.8,1,93.4,93.4,HY,hydro
4046,28.5,2.93,10.94,-0.47,1.02,11.52,1,28.5,28.5,HY,hydro
4047,27.48,6.02,75.1,-3.23,1.02,79.2,1,27.48,27.48,HY,hydro
4050,150.0,-14.05,42.6,-28.8,1.0,240.0,1,150.0,150.0,W2,wind
4052,44.08,22.5,22.5,-4.91,1.04,53.04,1,44.2,13.26,GT,ng
4058,99.6,18.55,73.3,-15.98,1.03,172.8,1,144.0,43.2,GT,ng
4059,84.08,19.72,73.3,-15.98,1.03,172.8,1,144.0,43.2,GT,ng
4060,124.4,15.6,73.3,-15.98,1.03,172.8,1,144.0,43.2,GT,ng
4061,148.87,20.61,87.72,-19.13,1.03,206.8,1,172.33,51.7,GT,ng
4062,171.85,17.91,87.72,-19.13,1.03,206.8,1,172.33,51.7,GT,ng
4063,124.75,20.79,87.72,-19.13,1.03,206.8,1,172.33,51.7,GT,ng
4065,46.87,14.18,23.92,-5.22,1.02,56.4,1,47.0,14.1,GT,ng
4075,0.0,0.0,89.75,-19.57,1.03,211.6,0,176.33,52.9,GT,ng
4076,175.84,36.05,89.75,-19.57,1.03,211.6,1,176.33,52.9,GT,ng
4077,97.06,28.93,89.75,-19.57,1.03,211.6,1,176.33,52.9,GT,ng
4082,242.72,32.28,123.89,-27.02,1.04,292.08,1,243.4,73.02,GT,ng
4083,242.72,33.27,123.89,-27.02,1.04,292.08,1,243.4,73.02,GT,ng
4084,242.72,51.43,123.89,-27.02,1.04,292.08,1,243.4,73.02,GT,ng
4085,168.05,54.88,179.17,-39.07,1.04,422.4,1,352.0,105.6,GT,ng
4090,0.0,0.0,0.65,-0.17,1.01,1.68,0,1.4,0.42,ST,coal
4091,23.43,3.95,10.95,-2.87,1.01,28.2,1,23.5,7.05,ST,coal
4092,0.0,0.0,3.54,-0.93,1.01,9.12,0,7.6,2.28,ST,coal
4093,27.92,2.53,13.05,-3.42,1.01,33.6,1,28.0,8.4,ST,coal
4094,27.92,8.12,13.05,-3.42,1.01,33.6,1,28.0,8.4,ST,coal
4095,27.92,3.75,13.05,-3.42,1.01,33.6,1,28.0,8.4,ST,coal
4096,0.0,0.0,13.05,-3.42,1.01,33.6,0,28.0,8.4,ST,coal
4097,27.92,3.29,13.05,-3.42,1.01,33.6,1,28.0,8.4,ST,coal
4098,0.0,0.0,13.05,-3.42,1.01,33.6,0,28.0,8.4,ST,coal
4105,135.0,26.12,38.34,-25.92,1.01,216.0,1,135.0,135.0,W2,wind
4115,131.43,37.25,67.09,-14.63,1.04,158.16,1,131.8,39.54,GT,ng
4116,123.76,34.12,67.09,-14.63,1.04,158.16,1,131.8,39.54,GT,ng
4133,0.0,0.0,17.1,-3.73,1.0,40.32,0,33.6,10.08,GT,ng
4134,10.21,-3.73,17.1,-3.73,1.0,40.32,1,33.6,10.08,GT,ng
4135,10.21,-3.73,17.1,-3.73,1.0,40.32,1,33.6,10.08,GT,ng
4136,10.21,-3.73,17.1,-3.73,1.0,40.32,1,33.6,10.08,GT,ng
4137,0.0,0.0,34.2,-7.46,1.0,80.64,0,67.2,20.16,GT,ng
4138,0.0,0.0,33.59,-7.33,1.0,79.2,0,66.0,19.8,GT,ng
4142,141.0,40.04,40.04,-27.07,1.04,225.6,1,141.0,141.0,W2,wind
4153,212.4,60.32,60.32,-40.78,1.04,339.84,1,212.4,212.4,W2,wind
4160,197.22,68.62,100.66,-21.95,1.03,237.32,1,197.77,59.33,GT,ng
4161,87.79,28.72,100.66,-21.95,1.03,237.32,1,197.77,59.33,GT,ng
4162,112.46,27.68,100.66,-21.95,1.03,237.32,1,197.77,59.33,GT,ng
4163,0.0,0.0,4.58,-1.0,1.03,10.8,0,9.0,2.7,GT,ng
4166,150.75,-28.94,42.81,-28.94,1.0,241.2,1,150.75,150.75,W2,wind
4177,112.5,8.16,31.95,-21.6,1.04,180.0,1,112.5,112.5,W2,wind
4181,150.07,42.62,42.62,-28.81,1.04,240.12,1,150.07,150.07,W2,wind
4183,152.25,43.24,43.24,-29.23,1.03,243.6,1,152.25,152.25,W2,wind
4192,74.79,21.27,38.17,-8.33,1.02,90.0,1,75.0,22.5,GT,ng
4192,183.26,21.27,93.54,-20.4,1.02,220.52,1,183.77,55.13,GT,ng
4192,0.0,0.0,12.22,-2.66,1.02,28.8,0,24.0,7.2,GT,ng
4192,60.83,21.27,31.05,-6.77,1.02,73.2,1,61.0,18.3,GT,ng
4192,10.37,5.29,5.29,-1.15,1.02,12.48,1,10.4,3.12,GT,ng
4192,136.48,21.27,135.9,-29.64,1.02,320.4,1,267.0,80.1,GT,ng
4192,155.9,21.27,135.9,-29.64,1.02,320.4,1,267.0,80.1,GT,ng
4192,155.9,21.27,135.9,-29.64,1.02,320.4,1,267.0,80.1,GT,ng
4192,183.26,21.27,93.54,-20.4,1.02,220.52,1,183.77,55.13,GT,ng
4192,183.26,21.27,93.54,-20.4,1.02,220.52,1,183.77,55.13,GT,ng
4194,151.2,42.94,42.94,-29.03,1.02,241.92,1,151.2,151.2,W2,wind
4195,69.0,-13.25,19.6,-13.25,1.0,110.4,1,69.0,69.0,W2,wind
5020,90.0,-11.79,25.56,-17.28,1.0,144.0,1,90.0,90.0,W2,wind
5023,0.0,0.0,2.44,-0.53,1.04,5.76,0,4.8,1.44,GT,ng
5035,0.0,0.0,2.14,-0.47,1.02,5.04,0,4.2,1.26,GT,ng
5036,0.0,0.0,3.26,-0.71,1.02,7.68,0,6.4,1.92,GT,ng
5037,93.74,76.29,157.01,-34.24,1.02,370.16,1,308.47,92.54,GT,ng
5038,93.74,74.11,157.01,-34.24,1.02,370.16,1,308.47,92.54,GT,ng
5039,93.74,157.01,157.01,-34.24,1.02,370.16,1,308.47,92.54,GT,ng
5040,93.74,55.86,157.01,-34.24,1.02,370.16,1,308.47,92.54,GT,ng
5041,93.74,80.68,157.01,-34.24,1.02,370.16,1,308.47,92.54,GT,ng
5042,93.74,69.22,157.01,-34.24,1.02,370.16,1,308.47,92.54,GT,ng
5051,84.46,43.11,43.11,-9.4,1.02,101.64,1,84.7,25.41,GT,ng
5057,0.0,0.0,161.53,-35.23,1.0,380.82,0,317.35,95.2,GT,ng
5058,251.16,-12.74,161.53,-35.23,1.0,380.82,1,317.35,95.2,GT,ng
5065,10.57,5.4,5.4,-1.18,1.03,12.72,1,10.6,3.18,GT,ng
5066,0.0,0.0,0.92,-0.2,1.03,2.16,0,1.8,0.54,GT,ng
5067,437.05,194.05,223.08,-48.65,1.03,525.92,1,438.27,131.48,GT,ng
5068,437.05,183.38,223.08,-48.65,1.03,525.92,1,438.27,131.48,GT,ng
5069,437.05,172.2,223.08,-48.65,1.03,525.92,1,438.27,131.48,GT,ng
5089,0.0,0.0,47.57,-2.05,1.01,50.16,0,123.9,0.0,HY,hydro
5106,0.0,0.0,5.03,-1.32,1.04,12.96,0,10.8,3.24,ST,coal
5107,0.0,0.0,2.66,-0.7,1.04,6.84,0,5.7,1.71,ST,coal
5166,126.15,64.39,64.39,-14.04,1.04,151.8,1,126.5,37.95,GT,ng
5167,1.6,0.81,0.81,-0.18,1.04,1.92,1,1.6,0.48,GT,ng
5170,45.0,-8.64,12.78,-8.64,1.0,72.0,1,45.0,45.0,W2,wind
5198,112.5,-21.6,31.95,-21.6,1.0,180.0,1,112.5,112.5,W2,wind
5206,207.1,35.14,126.57,-27.6,1.01,298.4,1,248.67,74.6,GT,ng
5207,180.01,63.0,126.57,-27.6,1.01,298.4,1,248.67,74.6,GT,ng
5208,180.01,50.47,126.57,-27.6,1.01,298.4,1,248.67,74.6,GT,ng
5238,168.75,-32.4,47.93,-32.4,1.0,270.0,1,168.75,168.75,W2,wind
5243,112.5,-21.6,31.95,-21.6,1.0,180.0,1,112.5,112.5,W2,wind
5262,1211.61,56.27,447.12,-99.63,1.01,1458.0,1,1215.0,364.5,NB,nuclear
5263,1023.98,51.46,447.12,-99.63,1.01,1458.0,1,1215.0,364.5,NB,nuclear
5281,266.98,-29.72,136.28,-29.72,1.0,321.28,1,267.73,80.32,GT,ng
5282,266.98,-29.72,136.28,-29.72,1.0,321.28,1,267.73,80.32,GT,ng
5283,0.0,0.0,136.28,-29.72,1.0,321.28,0,267.73,80.32,GT,ng
5297,0.0,0.0,1.63,-0.36,1.04,3.84,0,3.2,0.96,GT,ng
5298,114.68,58.53,58.53,-12.76,1.04,138.0,1,115.0,34.5,GT,ng
5299,114.68,58.53,58.53,-12.76,1.04,138.0,1,115.0,34.5,GT,ng
5300,114.68,58.53,58.53,-12.76,1.04,138.0,1,115.0,34.5,GT,ng
5301,82.47,42.09,42.09,-9.18,1.04,99.24,1,82.7,24.81,GT,ng
5302,462.46,175.61,236.05,-51.48,1.04,556.5,1,463.75,139.13,GT,ng
5303,462.46,229.47,236.05,-51.48,1.04,556.5,1,463.75,139.13,GT,ng
5319,79.86,9.76,133.77,-29.17,1.01,315.36,1,262.8,78.84,GT,ng
5320,0.0,0.0,133.77,-29.17,1.01,315.36,0,262.8,78.84,GT,ng
5321,79.86,10.07,133.77,-29.17,1.01,315.36,1,262.8,78.84,GT,ng
5324,283.28,144.59,144.59,-31.53,1.04,340.88,1,284.07,85.22,GT,ng
5325,283.28,144.59,144.59,-31.53,1.04,340.88,1,284.07,85.22,GT,ng
5326,283.28,144.59,144.59,-31.53,1.04,340.88,1,284.07,85.22,GT,ng
5342,8.4,3.2,3.2,-0.14,1.04,3.36,1,8.4,8.4,HY,hydro
5343,207.5,69.11,79.67,-3.43,1.04,84.0,1,207.5,207.5,HY,hydro
5360,1005.19,-25.85,469.73,-122.98,1.01,1209.6,1,1008.0,302.4,ST,coal
5363,10.37,-1.15,5.29,-1.15,1.0,12.48,1,10.4,3.12,GT,ng
5364,212.73,-22.03,108.59,-23.68,1.0,256.0,1,213.33,64.0,GT,ng
5365,212.73,-8.45,108.59,-23.68,1.0,256.0,1,213.33,64.0,GT,ng
5366,212.73,-7.41,108.59,-23.68,1.0,256.0,1,213.33,64.0,GT,ng
5367,212.73,-7.26,108.59,-23.68,1.0,256.0,1,213.33,64.0,GT,ng
5368,212.73,-13.71,108.59,-23.68,1.0,256.0,1,213.33,64.0,GT,ng
5369,212.73,-6.79,108.59,-23.68,1.0,256.0,1,213.33,64.0,GT,ng
5382,63.51,106.38,106.38,-23.2,1.04,250.8,1,209.0,62.7,GT,ng
5383,63.51,106.38,106.38,-23.2,1.04,250.8,1,209.0,62.7,GT,ng
5399,124.2,35.27,35.27,-23.85,1.04,198.72,1,124.2,124.2,W2,wind
5403,89.15,45.5,45.5,-9.92,1.03,107.28,1,89.4,26.82,GT,ng
5404,77.23,45.5,45.5,-9.92,1.03,107.28,1,89.4,26.82,GT,ng
5405,84.77,45.5,45.5,-9.92,1.03,107.28,1,89.4,26.82,GT,ng
5406,89.15,45.5,45.5,-9.92,1.03,107.28,1,89.4,26.82,GT,ng
5415,121.66,-11.4,62.1,-13.54,1.0,146.4,1,122.0,36.6,GT,ng
5416,121.66,-10.89,62.1,-13.54,1.0,146.4,1,122.0,36.6,GT,ng
5417,121.66,-12.52,62.1,-13.54,1.0,146.4,1,122.0,36.6,GT,ng
5418,118.47,-13.19,60.47,-13.19,1.0,142.56,1,118.8,35.64,GT,ng
5419,118.47,-13.19,60.47,-13.19,1.0,142.56,1,118.8,35.64,GT,ng
5423,12.37,-1.38,6.31,-1.38,1.0,14.88,1,12.4,3.72,GT,ng
5424,0.0,0.0,1.63,-0.36,1.0,3.84,0,3.2,0.96,GT,ng
5444,0.0,0.0,147.1,-32.08,1.01,346.8,0,289.0,86.7,GT,ng
5444,0.0,0.0,147.1,-32.08,1.01,346.8,0,289.0,86.7,GT,ng
5444,0.0,0.0,147.1,-32.08,1.01,346.8,0,289.0,86.7,GT,ng
5444,288.19,19.06,147.1,-32.08,1.01,346.8,1,289.0,86.7,GT,ng
5444,288.19,19.06,147.1,-32.08,1.01,346.8,1,289.0,86.7,GT,ng
5444,0.0,0.0,147.1,-32.08,1.01,346.8,0,289.0,86.7,GT,ng
5444,140.91,19.06,71.92,-15.68,1.01,169.56,1,141.3,42.39,GT,ng
5444,140.91,19.06,71.92,-15.68,1.01,169.56,1,141.3,42.39,GT,ng
6006,212.41,77.37,108.42,-23.64,1.04,255.6,1,213.0,63.9,GT,ng
6007,0.0,0.0,216.83,-47.29,1.04,511.2,0,426.0,127.8,GT,ng
6008,197.78,67.78,100.95,-22.01,1.04,238.0,1,198.33,59.5,GT,ng
6009,197.78,42.18,100.95,-22.01,1.04,238.0,1,198.33,59.5,GT,ng
6010,197.78,57.22,100.95,-22.01,1.04,238.0,1,198.33,59.5,GT,ng
6041,0.0,20.48,20.48,-0.88,1.04,21.6,1,0.0,0.0,HY,hydro
6042,0.0,54.26,122.91,-5.29,1.04,129.6,1,0.0,0.0,HY,hydro
6048,0.0,0.0,1.73,-0.38,1.04,4.08,0,3.4,1.02,GT,ng
6049,0.0,0.0,4.89,-1.07,1.04,11.52,0,9.6,2.88,GT,ng
6050,0.0,0.0,2.24,-0.49,1.04,5.28,0,4.4,1.32,GT,ng
6051,57.24,29.22,29.22,-6.37,1.04,68.88,1,57.4,17.22,GT,ng
6052,0.0,0.0,29.22,-6.37,1.04,68.88,0,57.4,17.22,GT,ng
6053,57.24,29.22,29.22,-6.37,1.04,68.88,1,57.4,17.22,GT,ng
6054,57.24,29.22,29.22,-6.37,1.04,68.88,1,57.4,17.22,GT,ng
6069,123.82,49.23,92.32,-20.13,1.03,217.64,1,181.37,54.41,GT,ng
6070,131.29,21.36,92.32,-20.13,1.03,217.64,1,181.37,54.41,GT,ng
6071,105.9,62.98,92.32,-20.13,1.03,217.64,1,181.37,54.41,GT,ng
6072,0.0,0.0,92.32,-20.13,1.03,217.64,0,181.37,54.41,GT,ng
6073,131.29,37.32,92.32,-20.13,1.03,217.64,1,181.37,54.41,GT,ng
6074,131.29,36.8,92.32,-20.13,1.03,217.64,1,181.37,54.41,GT,ng
6078,477.3,-68.73,262.51,-68.73,1.0,676.0,1,563.33,169.0,ST,coal
6079,328.92,-68.73,262.51,-68.73,1.0,676.0,1,563.33,169.0,ST,coal
6080,328.92,-68.73,262.51,-68.73,1.0,676.0,1,563.33,169.0,ST,coal
6082,41.37,17.29,25.04,-1.08,1.04,26.4,1,41.37,41.37,HY,hydro
6083,65.3,11.97,25.04,-1.08,1.04,26.4,1,65.3,65.3,HY,hydro
6085,1.05,0.0,0.0,0.0,1.04,1.68,1,1.05,1.05,PV,solar
6086,22.5,0.0,0.0,0.0,1.04,36.0,1,22.5,22.5,PV,solar
6087,0.0,0.0,0.0,0.0,1.04,6.6,0,5.5,1.65,PV,solar
6088,7.95,0.0,0.0,0.0,1.04,12.72,1,7.95,7.95,PV,solar
6089,10.42,0.0,0.0,0.0,1.04,16.68,1,10.42,10.42,PV,solar
6090,30.52,0.0,0.0,0.0,1.04,48.84,1,30.52,30.52,PV,solar
6104,60.33,30.79,30.79,-6.72,1.04,72.6,1,60.5,18.15,GT,ng
6105,60.33,30.79,30.79,-6.72,1.04,72.6,1,60.5,18.15,GT,ng
6106,120.66,61.59,61.59,-13.43,1.04,145.2,1,121.0,36.3,GT,ng
6110,301.18,100.76,275.22,-72.05,1.04,708.72,1,590.6,177.18,ST,coal
6111,293.63,101.78,308.26,-80.7,1.04,793.8,1,661.5,198.45,ST,coal
6144,0.0,0.0,4.28,-0.93,1.03,10.08,0,8.4,2.52,GT,ng
6145,322.85,38.03,227.01,-49.51,1.03,535.2,1,446.0,133.8,GT,ng
6146,322.85,39.39,227.01,-49.51,1.03,535.2,1,446.0,133.8,GT,ng
6147,283.22,42.7,474.39,-103.45,1.03,1118.4,1,932.0,279.6,GT,ng
6148,0.0,0.0,367.5,-80.14,1.03,866.4,0,722.0,216.6,GT,ng
6149,219.4,127.84,367.5,-80.14,1.03,866.4,1,722.0,216.6,GT,ng
6164,71.43,38.3,119.64,-26.09,1.03,282.06,1,235.05,70.52,GT,ng
6165,71.43,33.99,119.64,-26.09,1.03,282.06,1,235.05,70.52,GT,ng
6166,71.43,82.0,119.64,-26.09,1.03,282.06,1,235.05,70.52,GT,ng
6167,71.43,43.72,119.64,-26.09,1.03,282.06,1,235.05,70.52,GT,ng
6213,177.9,19.45,68.29,-2.94,1.04,72.0,1,177.9,177.9,HY,hydro
6214,552.3,55.54,212.06,-9.13,1.04,223.6,1,552.3,552.3,HY,hydro
6215,552.3,99.93,212.06,-9.13,1.04,223.6,1,552.3,552.3,HY,hydro
6216,552.3,58.81,212.06,-9.13,1.04,223.6,1,552.3,552.3,HY,hydro
6242,60.83,18.83,31.05,-6.77,1.04,73.2,1,61.0,18.3,GT,ng
6243,182.49,45.89,93.15,-20.31,1.04,219.6,1,183.0,54.9,GT,ng
6244,297.17,55.72,151.68,-33.08,1.04,357.6,1,298.0,89.4,GT,ng
6245,297.17,64.31,151.68,-33.08,1.04,357.6,1,298.0,89.4,GT,ng
6246,297.17,121.17,151.68,-33.08,1.04,357.6,1,298.0,89.4,GT,ng
6247,182.82,93.32,93.32,-20.35,1.04,220.0,1,183.33,55.0,GT,ng
6248,182.82,50.78,93.32,-20.35,1.04,220.0,1,183.33,55.0,GT,ng
6249,182.82,35.11,93.32,-20.35,1.04,220.0,1,183.33,55.0,GT,ng
6257,58.95,-9.89,98.75,-21.53,1.02,232.8,1,194.0,58.2,GT,ng
6258,106.96,-5.6,98.75,-21.53,1.02,232.8,1,194.0,58.2,GT,ng
6259,0.0,0.0,26.16,-5.71,1.02,61.68,0,51.4,15.42,GT,ng
6260,78.1,-11.57,130.81,-28.53,1.02,308.4,1,257.0,77.1,GT,ng
6266,4.5,1.72,1.72,-0.07,1.04,1.8,1,4.5,4.5,HY,hydro
6267,7.2,2.73,2.73,-0.12,1.04,2.88,1,7.2,7.2,HY,hydro
6268,4.5,1.72,1.72,-0.07,1.04,1.8,1,4.5,4.5,HY,hydro
6269,7.2,2.73,2.73,-0.12,1.04,2.88,1,7.2,7.2,HY,hydro
6270,0.0,0.0,6.82,-0.29,1.04,7.2,0,18.0,0.0,HY,hydro
6271,0.0,0.0,4.09,-0.18,1.04,4.32,0,11.0,0.0,HY,hydro
6272,0.0,0.0,2.73,-0.12,1.04,2.88,0,7.2,0.0,HY,hydro
6273,0.0,0.0,2.73,-0.12,1.04,2.88,0,7.2,0.0,HY,hydro
6274,8.4,3.2,3.2,-0.14,1.04,3.36,1,8.4,8.4,HY,hydro
6295,62.67,-22.89,104.97,-22.89,1.02,247.48,1,206.23,61.87,GT,ng
6296,62.67,-22.89,104.97,-22.89,1.02,247.48,1,206.23,61.87,GT,ng
6297,62.7,-15.02,104.97,-22.89,1.02,247.48,1,206.23,61.9,GT,ng
6301,0.0,0.0,1.63,-0.36,1.0,3.84,0,3.2,0.96,GT,ng
6302,246.56,-27.44,125.85,-27.44,1.0,296.7,1,247.25,74.18,GT,ng
6303,213.83,-27.44,125.85,-27.44,1.0,296.7,1,247.25,74.18,GT,ng
6304,246.56,-27.44,125.85,-27.44,1.0,296.7,1,247.25,74.18,GT,ng
6305,246.56,-27.44,125.85,-27.44,1.0,296.7,1,247.25,74.18,GT,ng
6349,0.0,0.0,6.11,-1.33,1.04,14.4,0,12.0,3.6,GT,ng
6349,0.0,0.0,26.21,-5.72,1.04,61.8,0,51.5,15.45,GT,ng
6349,31.3,52.43,52.43,-11.43,1.04,123.6,1,103.0,30.9,GT,ng
6349,0.0,0.0,1.17,-0.26,1.04,2.76,0,2.3,0.69,GT,ng
6349,0.0,0.0,2.34,-0.51,1.04,5.52,0,4.6,1.38,GT,ng
6349,0.0,0.0,0.76,-0.17,1.04,1.8,0,1.5,0.45,GT,ng
6349,0.0,0.0,2.04,-0.44,1.04,4.8,0,4.0,1.2,GT,ng
6349,0.0,0.0,3.26,-0.71,1.04,7.68,0,6.4,1.92,GT,ng
6349,110.31,184.77,184.77,-40.29,1.04,435.6,1,363.0,108.9,GT,ng
6349,110.31,184.77,184.77,-40.29,1.04,435.6,1,363.0,108.9,GT,ng
6349,0.0,0.0,26.21,-5.72,1.04,61.8,0,51.5,15.45,GT,ng
7005,162.54,38.38,82.97,-18.09,1.04,195.6,1,163.0,48.9,GT,ng
7006,162.54,67.22,82.97,-18.09,1.04,195.6,1,163.0,48.9,GT,ng
7007,162.54,44.4,82.97,-18.09,1.04,195.6,1,163.0,48.9,GT,ng
7008,162.54,41.68,82.97,-18.09,1.04,195.6,1,163.0,48.9,GT,ng
7009,162.54,37.78,82.97,-18.09,1.04,195.6,1,163.0,48.9,GT,ng
7015,0.0,0.0,2.04,-0.44,1.04,4.8,0,4.0,1.2,GT,ng
7021,22.34,11.4,11.4,-2.49,1.04,26.88,1,22.4,6.72,GT,ng
7022,47.27,24.13,24.13,-5.26,1.04,56.88,1,47.4,14.22,GT,ng
7023,47.27,24.13,24.13,-5.26,1.04,56.88,1,47.4,14.22,GT,ng
7024,94.54,48.25,48.25,-10.52,1.04,113.76,1,94.8,28.44,GT,ng
7025,0.0,0.0,1.63,-0.36,1.04,3.84,0,3.2,0.96,GT,ng
7031,29.1,0.0,0.0,0.0,1.04,46.56,1,29.1,29.1,PV,solar
7032,7.5,0.0,0.0,0.0,1.04,12.0,1,7.5,7.5,PV,solar
7033,7.5,0.0,0.0,0.0,1.04,12.0,1,7.5,7.5,PV,solar
7034,0.0,0.0,0.0,0.0,1.04,5.28,0,4.4,1.32,PV,solar
7045,187.92,37.1,95.92,-20.92,1.03,226.14,1,188.45,56.53,GT,ng
7046,187.92,78.22,95.92,-20.92,1.03,226.14,1,188.45,56.53,GT,ng
7061,67.09,-12.75,58.48,-12.75,1.0,137.88,1,114.9,34.47,GT,ng
7062,67.09,-12.75,58.48,-12.75,1.0,137.88,1,114.9,34.47,GT,ng
7063,67.09,-12.75,58.48,-12.75,1.0,137.88,1,114.9,34.47,GT,ng
7064,83.17,-12.75,58.48,-12.75,1.0,137.88,1,114.9,34.47,GT,ng
7065,83.17,-12.75,58.48,-12.75,1.0,137.88,1,114.9,34.47,GT,ng
7066,68.1,-12.75,58.48,-12.75,1.0,137.88,1,114.9,34.47,GT,ng
7079,159.89,37.81,116.38,-25.38,1.04,274.38,1,228.65,68.59,GT,ng
7080,165.51,29.6,116.38,-25.38,1.04,274.38,1,228.65,68.59,GT,ng
7081,165.51,29.93,116.38,-25.38,1.04,274.38,1,228.65,68.59,GT,ng
7082,165.51,36.62,116.38,-25.38,1.04,274.38,1,228.65,68.59,GT,ng
7098,1240.67,199.11,498.38,-111.05,1.0,1625.16,1,1354.3,406.29,NB,nuclear
7099,1350.52,6.01,498.38,-111.05,1.0,1625.16,1,1354.3,406.29,NB,nuclear
7107,149.58,76.35,76.35,-16.65,1.04,180.0,1,150.0,45.0,GT,ng
7108,50.86,20.02,25.96,-5.66,1.04,61.2,1,51.0,15.3,GT,ng
7109,50.86,24.3,25.96,-5.66,1.04,61.2,1,51.0,15.3,GT,ng
7110,195.45,49.93,99.76,-21.76,1.04,235.2,1,196.0,58.8,GT,ng
7111,195.45,48.69,99.76,-21.76,1.04,235.2,1,196.0,58.8,GT,ng
7112,195.45,77.51,99.76,-21.76,1.04,235.2,1,196.0,58.8,GT,ng
7113,195.45,41.78,99.76,-21.76,1.04,235.2,1,196.0,58.8,GT,ng
7114,195.45,82.31,99.76,-21.76,1.04,235.2,1,196.0,58.8,GT,ng
7115,195.45,82.67,99.76,-21.76,1.04,235.2,1,196.0,58.8,GT,ng
7121,0.0,0.0,1.88,-0.41,1.04,4.44,0,3.7,1.11,GT,ng
7122,0.0,0.0,2.19,-0.48,1.04,5.16,0,4.3,1.29,GT,ng
7133,16.25,-1.81,8.3,-1.81,1.0,19.56,1,16.3,4.89,GT,ng
7134,205.97,-22.93,105.13,-22.93,1.0,247.86,1,206.55,61.97,GT,ng
7135,205.97,-22.93,105.13,-22.93,1.0,247.86,1,206.55,61.97,GT,ng
7136,205.97,-22.93,105.13,-22.93,1.0,247.86,1,206.55,61.97,GT,ng
7137,205.97,-22.93,105.13,-22.93,1.0,247.86,1,206.55,61.97,GT,ng
7138,379.64,-42.26,193.78,-42.26,1.0,456.84,1,380.7,114.21,GT,ng
7139,58.84,-6.55,30.03,-6.55,1.0,70.8,1,59.0,17.7,GT,ng
7140,58.84,-6.55,30.03,-6.55,1.0,70.8,1,59.0,17.7,GT,ng
7141,58.84,-6.55,30.03,-6.55,1.0,70.8,1,59.0,17.7,GT,ng
7142,58.84,-6.55,30.03,-6.55,1.0,70.8,1,59.0,17.7,GT,ng
7146,10.17,-1.13,5.19,-1.13,1.01,12.24,1,10.2,3.06,GT,ng
7162,110.29,56.3,56.3,-12.28,1.04,132.72,1,110.6,33.18,GT,ng
7163,110.29,56.3,56.3,-12.28,1.04,132.72,1,110.6,33.18,GT,ng
7164,110.29,56.3,56.3,-12.28,1.04,132.72,1,110.6,33.18,GT,ng
7165,110.29,56.3,56.3,-12.28,1.04,132.72,1,110.6,33.18,GT,ng
7166,110.29,54.93,56.3,-12.28,1.04,132.72,1,110.6,33.18,GT,ng
7167,110.29,45.65,56.3,-12.28,1.04,132.72,1,110.6,33.2,GT,ng
7168,87.48,44.65,44.65,-9.74,1.04,105.26,1,87.72,26.32,GT,ng
7169,87.48,44.65,44.65,-9.74,1.04,105.26,1,87.72,26.3,GT,ng
7170,333.76,130.81,178.59,-38.95,1.04,421.04,1,350.87,105.26,GT,ng
7189,6.88,3.51,3.51,-0.77,1.03,8.28,1,6.9,2.07,GT,ng
7190,47.87,13.81,24.43,-5.33,1.03,57.6,1,48.0,14.4,GT,ng
7191,0.0,0.0,2.55,-0.55,1.03,6.0,0,5.0,1.5,GT,ng
7192,34.9,17.81,17.81,-3.88,1.03,42.0,1,35.0,10.5,GT,ng
7193,7.48,3.82,3.82,-0.83,1.03,9.0,1,7.5,2.25,GT,ng
7194,230.31,49.08,117.55,-25.64,1.03,277.14,1,230.95,69.28,GT,ng
7195,230.31,42.27,117.55,-25.64,1.03,277.14,1,230.95,69.28,GT,ng
7196,230.31,76.74,117.55,-25.64,1.03,277.14,1,230.95,69.28,GT,ng
7197,230.31,117.55,117.55,-25.64,1.03,277.14,1,230.95,69.28,GT,ng
7207,0.0,0.0,2.04,-0.44,1.04,4.8,0,4.0,1.2,GT,ng
7208,762.86,84.91,389.39,-84.92,1.04,918.0,1,765.0,229.5,GT,ng
7209,762.86,111.04,389.39,-84.92,1.04,918.0,1,765.0,229.5,GT,ng
7210,178.0,29.21,90.86,-19.81,1.04,214.2,1,178.5,53.55,GT,ng
7211,178.0,40.97,90.86,-19.81,1.04,214.2,1,178.5,53.55,GT,ng
7212,178.0,26.57,90.86,-19.81,1.04,214.2,1,178.5,53.55,GT,ng
7266,303.75,-33.81,155.04,-33.81,1.01,365.52,1,304.6,91.38,GT,ng
7267,90.39,-10.06,46.14,-10.06,1.01,108.77,1,90.64,27.19,GT,ng
7268,90.39,-10.06,46.14,-10.06,1.01,108.77,1,90.64,27.19,GT,ng
7269,90.39,-10.06,46.14,-10.06,1.01,108.77,1,90.64,27.19,GT,ng
7270,180.77,-20.12,92.27,-20.12,1.01,217.54,1,181.28,54.38,GT,ng
7280,0.0,0.0,13.08,-2.85,1.04,30.84,0,25.7,7.71,GT,ng
7281,0.0,0.0,7.64,-1.67,1.04,18.0,0,15.0,4.5,GT,ng
7284,0.0,0.0,0.0,0.0,1.04,9.0,0,7.5,2.25,PV,solar
7285,21.22,0.0,0.0,0.0,1.04,33.96,1,21.22,21.22,PV,solar
7286,21.22,0.0,0.0,0.0,1.04,33.96,1,21.22,21.22,PV,solar
7287,21.22,0.0,0.0,0.0,1.04,33.96,1,21.22,21.22,PV,solar
7288,21.22,0.0,0.0,0.0,1.04,33.96,1,21.22,21.22,PV,solar
7289,42.45,0.0,0.0,0.0,1.04,67.92,1,42.45,42.45,PV,solar
7307,96.41,49.21,49.21,-10.73,1.04,116.02,1,96.68,29.0,GT,ng
7308,96.41,49.21,49.21,-10.73,1.04,116.02,1,96.68,29.0,GT,ng
7309,0.0,0.0,49.21,-10.73,1.04,116.02,0,96.68,29.0,GT,ng
7310,96.41,49.21,49.21,-10.73,1.04,116.02,1,96.68,29.0,GT,ng
7311,192.83,98.42,98.42,-21.46,1.04,232.04,1,193.37,58.01,GT,ng
7323,37.82,-13.82,63.36,-13.82,1.02,149.37,1,124.48,37.34,GT,ng
7324,37.82,-13.82,63.36,-13.82,1.02,149.37,1,124.48,37.34,GT,ng
7325,37.82,-13.82,63.36,-13.82,1.02,149.37,1,124.48,37.34,GT,ng
7326,37.82,-13.82,63.36,-13.82,1.02,149.37,1,124.48,37.34,GT,ng
7329,30.97,42.25,51.87,-11.31,1.04,122.28,1,101.9,30.57,GT,ng
7334,0.0,0.0,2.19,-0.57,1.04,5.64,0,4.7,1.41,ST,coal
7335,137.81,153.88,211.33,-55.33,1.04,544.2,1,453.5,136.05,ST,coal
7349,312.95,139.37,159.74,-34.83,1.04,376.59,1,313.83,94.15,GT,ng
7350,312.95,60.08,159.74,-34.83,1.04,376.59,1,313.83,94.15,GT,ng
7351,312.95,47.25,159.74,-34.83,1.04,376.59,1,313.83,94.15,GT,ng
7352,312.95,49.14,159.74,-34.83,1.04,376.59,1,313.83,94.15,GT,ng
7353,594.84,76.49,348.26,-75.95,1.04,821.04,1,684.2,205.26,GT,ng
7354,591.07,124.13,348.26,-75.95,1.04,821.04,1,684.2,205.26,GT,ng
7355,591.07,123.23,348.26,-75.95,1.04,821.04,1,684.2,205.26,GT,ng
7356,591.02,128.79,348.26,-75.95,1.04,821.04,1,684.2,205.0,GT,ng
7357,16.25,8.3,8.3,-1.81,1.04,19.56,1,16.3,4.89,GT,ng
7358,224.57,39.17,114.63,-25.0,1.04,270.24,1,225.2,67.56,GT,ng
7359,224.57,86.67,114.63,-25.0,1.04,270.24,1,225.2,67.56,GT,ng
7360,224.57,52.95,114.63,-25.0,1.04,270.24,1,225.2,67.56,GT,ng
7361,102.41,32.4,52.27,-11.4,1.04,123.24,1,102.7,30.81,GT,ng
7369,106.97,32.85,54.6,-11.91,1.04,128.72,1,107.27,32.18,GT,ng
7370,106.97,26.39,54.6,-11.91,1.04,128.72,1,107.27,32.18,GT,ng
7371,106.97,31.59,54.6,-11.91,1.04,128.72,1,107.27,32.18,GT,ng
7372,106.97,33.74,54.6,-11.91,1.04,128.72,1,107.27,32.18,GT,ng
7373,106.97,54.6,54.6,-11.91,1.04,128.72,1,107.27,32.18,GT,ng
7374,106.97,41.49,54.6,-11.91,1.04,128.72,1,107.27,32.18,GT,ng
7375,183.15,40.55,93.48,-20.39,1.04,220.39,1,183.66,55.1,GT,ng
7376,183.15,44.01,93.48,-20.39,1.04,220.39,1,183.66,55.1,GT,ng
7377,183.15,56.14,93.48,-20.39,1.04,220.39,1,183.66,55.1,GT,ng
7378,183.15,45.67,93.48,-20.39,1.04,220.39,1,183.66,55.1,GT,ng
7379,183.15,49.27,93.48,-20.39,1.04,220.39,1,183.66,55.1,GT,ng
7389,541.28,276.29,276.29,-60.25,1.04,651.36,1,542.8,162.84,GT,ng
7400,71.8,-7.99,36.65,-7.99,1.0,86.4,1,72.0,21.6,GT,ng
7400,71.8,-7.99,36.65,-7.99,1.0,86.4,1,72.0,21.6,GT,ng
7400,71.8,-7.99,36.65,-7.99,1.0,86.4,1,72.0,21.6,GT,ng
7400,71.8,-7.99,36.65,-7.99,1.0,86.4,1,72.0,21.6,GT,ng
7400,143.6,-15.98,73.3,-15.98,1.0,172.8,1,144.0,43.2,GT,ng
7400,445.15,-49.55,227.22,-49.55,1.0,535.68,1,446.4,133.92,GT,ng
7406,62.92,32.12,32.12,-7.0,1.04,75.72,1,63.1,18.93,GT,ng
7406,309.13,157.79,157.79,-34.41,1.04,372.0,1,310.0,93.0,GT,ng
7414,102.11,52.12,52.12,-11.37,1.03,122.88,1,102.4,30.72,GT,ng
7419,87.95,12.12,44.89,-9.79,1.0,105.84,1,88.2,26.46,GT,ng
7419,87.95,12.12,44.89,-9.79,1.0,105.84,1,88.2,26.46,GT,ng
7422,2.07,3.46,3.46,-0.75,1.04,8.16,1,6.8,2.04,GT,ng
7422,52.33,50.12,87.65,-19.11,1.04,206.64,1,172.2,51.66,GT,ng
7422,52.33,50.12,87.65,-19.11,1.04,206.64,1,172.2,51.66,GT,ng
7422,34.19,50.12,57.26,-12.49,1.04,135.0,1,112.5,33.75,GT,ng
7422,34.19,50.12,57.26,-12.49,1.04,135.0,1,112.5,33.75,GT,ng
7422,34.19,50.12,57.26,-12.49,1.04,135.0,1,112.5,33.75,GT,ng
7422,34.19,50.12,57.26,-12.49,1.04,135.0,1,112.5,33.75,GT,ng
7422,58.07,50.12,97.27,-21.21,1.04,229.32,1,191.1,57.33,GT,ng
7422,52.33,50.12,87.65,-19.11,1.04,206.64,1,172.2,51.66,GT,ng
7422,52.33,50.12,87.65,-19.11,1.04,206.64,1,172.2,51.66,GT,ng
7422,52.33,50.12,87.65,-19.11,1.04,206.64,1,172.2,51.66,GT,ng
7428,30.55,27.28,51.16,-11.16,1.04,120.62,1,100.52,30.16,GT,ng
7428,39.5,27.28,66.17,-14.43,1.04,156.0,1,130.0,39.0,GT,ng
7428,39.5,27.28,66.17,-14.43,1.04,156.0,1,130.0,39.0,GT,ng
7428,30.55,27.28,51.16,-11.16,1.04,120.62,1,100.52,30.16,GT,ng
7428,30.55,27.28,51.16,-11.16,1.04,120.62,1,100.52,30.16,GT,ng
7428,30.55,27.28,51.16,-11.16,1.04,120.62,1,100.52,30.16,GT,ng
7428,30.55,27.28,51.16,-11.16,1.04,120.62,1,100.52,30.16,GT,ng
7428,30.55,27.28,51.16,-11.16,1.04,120.62,1,100.52,30.16,GT,ng
7428,22.79,27.28,38.17,-8.33,1.04,90.0,1,75.0,22.5,GT,ng
7428,0.0,0.0,41.23,-8.99,1.04,97.2,0,81.0,24.3,GT,ng
7428,3.56,5.96,5.96,-1.3,1.04,14.04,1,11.7,3.51,GT,ng
8024,33.0,0.0,0.0,0.0,1.04,52.8,1,33.0,33.0,PV,solar
8033,0.0,0.0,119.58,-26.08,1.04,281.91,0,234.93,70.48,GT,ng
8034,0.0,0.0,119.58,-26.08,1.04,281.91,0,234.93,70.48,GT,ng
8035,0.0,0.0,119.58,-26.08,1.04,281.91,0,234.93,70.48,GT,ng
8036,0.0,0.0,119.58,-26.08,1.04,281.91,0,234.93,70.48,GT,ng
8046,172.19,-19.17,87.89,-19.17,1.01,207.2,1,172.67,51.8,GT,ng
8047,0.0,0.0,87.89,-19.17,1.01,207.2,0,172.67,51.8,GT,ng
8048,172.19,87.89,87.89,-19.17,1.04,207.2,1,172.67,51.8,GT,ng
8049,172.19,-19.17,87.89,-19.17,1.01,207.2,1,172.67,51.8,GT,ng
8050,0.0,0.0,87.89,-19.17,1.01,207.2,0,172.67,51.8,GT,ng
8051,0.0,0.0,87.89,-19.17,1.01,207.2,0,172.67,51.8,GT,ng
8060,0.0,0.0,276.52,-72.39,1.0,712.08,0,593.4,178.02,ST,coal
8061,0.0,0.0,276.52,-72.39,1.0,712.08,0,593.4,178.02,ST,coal
8070,0.0,0.0,431.0,-112.84,1.0,1109.88,0,924.9,277.47,ST,coal
8071,922.32,-81.81,431.0,-112.84,1.0,1109.88,1,924.9,277.47,ST,coal
8077,234.24,11.1,119.56,-26.07,1.03,281.88,1,234.9,70.47,GT,ng
8078,234.24,9.48,119.56,-26.07,1.03,281.88,1,234.9,70.47,GT,ng
8079,234.24,10.99,119.56,-26.07,1.03,281.88,1,234.9,70.47,GT,ng
8080,234.24,10.4,119.56,-26.07,1.03,281.88,1,234.9,70.47,GT,ng
8087,0.0,0.0,418.33,-109.52,1.04,1077.24,0,897.7,269.31,ST,coal
8088,895.19,157.09,418.33,-109.52,1.04,1077.24,1,897.7,269.31,ST,coal
8099,85.5,0.0,0.0,0.0,1.04,136.8,1,85.5,85.5,PV,solar
8115,0.0,0.0,4.66,-1.22,1.04,12.0,0,10.0,3.0,ST,coal
8116,0.0,0.0,163.89,-42.91,1.04,422.04,0,351.7,105.51,ST,coal
8117,227.51,90.76,163.89,-42.91,1.04,422.04,1,351.7,105.51,ST,coal
8129,658.16,-38.52,307.56,-80.52,1.03,792.0,1,660.0,198.0,ST,coal
8130,658.16,-4.37,307.56,-80.52,1.03,792.0,1,660.0,198.0,ST,coal
8131,658.16,-27.45,307.56,-80.52,1.03,792.0,1,660.0,198.0,ST,coal
8147,0.0,0.0,1.86,-0.49,1.03,4.8,0,4.0,1.2,ST,coal
8147,0.0,0.0,111.51,-29.19,1.03,287.16,0,239.3,71.79,ST,coal
8152,0.0,0.0,11.2,-2.44,1.0,26.4,0,22.0,6.6,GT,ng
8155,0.0,0.0,81.36,-21.3,1.0,209.52,0,174.6,52.38,ST,coal
8155,174.11,-21.3,81.36,-21.3,1.0,209.52,1,174.6,52.38,ST,coal
8158,0.0,0.0,53.44,-11.65,1.0,126.0,0,105.0,31.5,GT,ng
8158,0.0,0.0,49.98,-10.9,1.0,117.84,0,98.2,29.46,GT,ng
